{
    "name": "serializeJSON",
    "version": "2.3.1",
    "title": "jQuery.serializeJSON()",
    "author": {
        "name": "Mario Izquierdo",
        "url": "https://github.com/marioizquierdo"
    },
    "licenses": [
        {
            "type": "MIT",
            "url": "http://www.opensource.org/licenses/mit-license.php"
        },
        {
            "type": "GPL",
            "url": "http://www.opensource.org/licenses/gpl-license.php"
        }
    ],
    "dependencies": {
        "jquery": ">=1.2"
    },
    "description": "Serializes a form into a JavaScript Object with the same format as the default Ruby on Rails request params hash.",
    "keywords": [
        "form",
        "serialize",
        "json",
        "helper"
    ],
    "homepage": "https://github.com/marioizquierdo/jquery.serializeJSON"
}